{"loss": [4.644339084625244, 3.818624973297119, 3.031606435775757, 2.4670112133026123, 2.081101894378662, 1.7129032611846924, 1.4807392358779907, 1.3399771451950073, 1.1480820178985596, 1.0726398229599], "accuracy": [0.03125, 0.10437499731779099, 0.20499999821186066, 0.3031249940395355, 0.39750000834465027, 0.47999998927116394, 0.5481250286102295, 0.5975000262260437, 0.6387500166893005, 0.6524999737739563], "val_loss": [4.067056179046631, 3.18857479095459, 2.475116014480591, 1.8465925455093384, 1.5888792276382446, 1.2364195585250854, 1.2620034217834473, 0.8646907210350037, 0.8695008754730225, 0.5824731588363647], "val_accuracy": [0.0925000011920929, 0.23125000298023224, 0.35499998927116394, 0.5149999856948853, 0.5837500095367432, 0.6237499713897705, 0.6499999761581421, 0.7425000071525574, 0.7300000190734863, 0.8337500095367432]}